lat,lon
55.9515812,-3.3469413
53.3287084,-3.1001542
52.0640034,-0.411113756
55.0437502,-1.442781
51.4834057,-3.1777848
51.6848377,-5.0917566
52.6308963,1.3023614
55.9515812,-3.3469413
55.9515812,-3.3469413
51.521181,0.140201961
53.3287084,-3.1001542
55.9515812,-3.3469413
51.89107295,-0.423030408
54.7023545,-3.2765753
51.2566427,-1.6256882
51.52388835,-0.059571141
52.6801808,-1.8256976
52.1113388,-0.0689173
52.4468669,-1.4947943
51.4677705,-0.459082142
51.4834057,-3.1777848
53.3287084,-3.1001542
51.6848377,-5.0917566
55.9515812,-3.3469413
57.3295089,-3.6104018
51.4834057,-3.1777848
53.7923813,-2.6825658
50.8557196,-2.1659342
53.3287084,-3.1001542
51.4834057,-3.1777848
51.89960485,-0.204953918
51.9053313,-0.2010146
53.3287084,-3.1001542
53.9160366,-2.1426716
57.1323697,-3.1891212
57.8353731,-3.8264263
51.9008045,-0.212185086
53.7785231,-1.528629107
53.03218215,-1.195975011
53.3287084,-3.1001542
52.4160035,-1.9701231
53.2213252,-4.208335
53.3287084,-3.1001542
50.8985496,-1.389066329
55.9515812,-3.3469413
51.51604055,-0.136339396
52.114323,0.0313526
53.3287084,-3.1001542
51.5882332,-2.9974967
50.72734445,-3.474513573
53.395709,-2.9592819
51.3459804,1.3696263
53.6590675,-1.9506259
53.3287084,-3.1001542
51.4557821,-0.9735712
51.71074705,-0.271792343
53.969669,-1.089902
52.5256719,-1.838445
51.50404045,-0.124844231
51.4459342,0.3239596
51.5635164,-0.1279909
53.94660805,-1.048003015
51.5879189,-0.327102194
51.52833615,-0.065696967
53.8849051,-1.4453448
54.9924571,-1.6055338
51.3459804,1.3696263
55.9515812,-3.3469413
51.65384375,0.482887165
53.3287084,-3.1001542
52.4408272,-1.898841483
53.5598812,-2.874645931
53.3287084,-3.1001542
53.3287084,-3.1001542
51.6666717,-3.000007
53.2744269,-3.9024425
52.9874799,-1.20675381
52.24583745,0.709952669
53.0968006,-3.2104351
52.6890014,-2.8735907
51.41961795,-0.079441744
55.1672574,-1.7344669
50.8467436,-1.0679459
52.5852451,-2.1221216
51.5542865,-0.250602413
51.0731851,-1.8071257
52.4851977,-1.913720701
51.25,-1.916667
51.5917498,-3.183331829
51.503513,-0.4662704
52.194144,0.1375027
54.6580139,-1.2005633
53.37933435,-1.480072596
52.0001337,-4.2685111
51.7492956,-0.3422526
51.5023278,-0.1260826
50.8516341,-0.9385464
52.1341692,-4.5462206
51.1961976,-0.691178
51.106388,-0.567472337
54.9770924,-1.6142059
51.5266694,-0.0798926
53.3287084,-3.1001542
53.94660805,-1.048003015
51.0543003,-1.3381861
53.3287084,-3.1001542
53.3287084,-3.1001542
51.1567237,-0.1610188
53.41521405,-2.543139876
54.7023545,-3.2765753
53.3287084,-3.1001542
51.73021505,-1.208421324
53.7974185,-1.5437941
53.7785231,-1.528629107
51.56411795,-0.092811935
53.4841194,-2.2380371
50.82256275,-1.605142792
52.0508559,-2.705644347
55.9397791,-3.011654
52.0502963,-1.2516164
51.4365842,-0.994136256
58.20633495,-6.369583767
53.1391936,-3.7947842
51.4538022,-2.5972985
51.2151195,-0.5250129
53.3287084,-3.1001542
51.09707135,1.124517955
51.5484047,-0.0231873
54.7023545,-3.2765753
51.4834057,-3.1777848
51.4578328,-0.0360868
53.94660805,-1.048003015
53.3287084,-3.1001542
52.5256719,-1.838445
54.6580139,-1.2005633
51.7534706,0.0126282
53.2343268,-4.121635
55.4986921,-4.6108304
55.0061851,-7.323404196
53.7785231,-1.528629107
55.4986921,-4.6108304
53.7414271,-1.720200377
55.0061851,-7.323404196
53.7414271,-1.720200377
53.7785231,-1.528629107
53.3287084,-3.1001542
50.99923745,-1.534876236
51.50033195,-0.128080515
52.4897433,-1.8540988
52.085579,1.5473336
51.4204522,-2.220040087
55.9707191,-3.1695316
51.5499951,-0.4278078
53.5713963,-0.353460732
52.09710675,1.415943206
52.43509415,-0.122021819
52.4793909,-1.907191
53.8244244,-2.409975
51.86859365,-2.688868756
51.9302699,-0.2698176
52.09710675,1.415943206
55.9373536,-3.2070014
52.7041728,-2.7317784
54.7546131,-3.3722663
52.09710675,1.415943206
52.4329239,-1.8931521
51.6056711,-1.6368605
51.4677705,-0.459082142
52.7041728,-2.7317784
51.3459804,1.3696263
51.50404045,-0.124844231
51.6056711,-1.6368605
51.4677705,-0.459082142
53.7761428,-2.9745898
53.9440462,-1.056659
52.44708425,-1.869169091
50.83146655,-0.176236897
52.2725811,-1.55444265
53.2349963,-1.4259431
53.7271168,-1.351502402
52.35663215,-0.109024399
51.56411795,-0.092811935
55.9515812,-3.3469413
50.4124418,-5.077007
54.0090258,-1.4703169
51.50404045,-0.124844231
50.4547944,-4.9977827
52.4897433,-1.8540988
54.7023545,-3.2765753
51.75272505,-1.271426027
51.1972475,-2.185628
51.50404045,-0.124844231
51.4646866,-3.169342717
55.4211614,-1.5813144
51.3779369,-0.103418601
51.0944908,-4.1407738
51.50404045,-0.124844231
51.25,-1.916667
52.5256719,-1.838445
52.9849031,-1.890952
53.3594839,-2.2671791
52.4897433,-1.8540988
53.7020085,-0.3602136
55.9707191,-3.1695316
53.969669,-1.089902
52.7041728,-2.7317784
53.9150655,-1.1389401
52.5135953,-1.8806948
51.86859365,-2.688868756
51.86859365,-2.688868756
51.8618436,0.374099706
51.2581395,-0.7388325
51.5361951,-0.1542593
51.4522726,-0.4187843
51.50404045,-0.124844231
51.8096038,-3.8524088
51.86859365,-2.688868756
53.2378622,-1.330345977
53.9440462,-1.056659
53.5713963,-0.353460732
53.98842205,-1.066717113
51.48244985,-0.132101416
52.09248225,0.125710101
50.7248127,-3.5118951
53.9440462,-1.056659
51.4813531,0.0009581
51.4988068,-0.1248381
51.50857415,-0.137523125
53.94660805,-1.048003015
51.6056711,-1.6368605
53.9440462,-1.056659
53.2198617,-1.4243007
51.5408387,0.0088347
50.109099,-5.33009914
51.4204522,-2.220040087
50.4124418,-5.077007
51.50404045,-0.124844231
51.8678007,0.3681749
51.2581395,-0.7388325
53.5713963,-0.353460732
51.3121659,-0.510665
51.1972475,-2.185628
53.6317366,-1.7458804
51.2730988,0.5212506
52.2345714,-0.462650184
51.50404045,-0.124844231
52.0179577,-0.304413778
53.2960605,-3.5657987
51.50404045,-0.124844231
51.6056711,-1.6368605
52.6078451,1.2515422
51.2715316,-0.341452351
52.04114145,-0.3647466
51.7967047,0.579338882
53.3287084,-3.1001542
51.50404045,-0.124844231
52.7041728,-2.7317784
51.3886577,-0.7622349
51.0944908,-4.1407738
52.7041728,-2.7317784
51.6174205,-0.3095111
52.4468669,-1.4947943
54.5474199,-3.5885335
51.6174205,-0.3095111
54.7023545,-3.2765753
50.4124418,-5.077007
53.86117155,-2.54711154
53.3287084,-3.1001542
52.4793909,-1.907191
53.7818548,-0.2288017
53.7818548,-0.2288017
52.3960798,-1.9881909
52.43509415,-0.122021819
51.4622924,-0.1388561
54.75,-3.6666667
53.9443016,-1.0561997
54.54773995,-5.556239344
51.8096038,-3.8524088
55.0061851,-7.323404196
52.9597545,-1.1123158
51.4988068,-0.1248381
55.9373536,-3.2070014
53.349292,-2.8956103
50.7499016,-1.5273808
51.50404045,-0.124844231
51.4053347,-0.2634066
50.7627103,0.2834344
51.3459804,1.3696263
55.0418648,-7.161261298
51.4204522,-2.220040087
54.1899327,-6.3309571
51.50404045,-0.124844231
51.50404045,-0.124844231
52.5043754,-1.8719855
51.50404045,-0.124844231
51.5008444,-0.166965
51.86859365,-2.688868756
52.43509415,-0.122021819
55.958355,-3.1789548
51.5080347,-0.1096808
51.87081555,1.041206766
54.73042825,-6.215161087
51.4889317,-0.4755435
52.4793909,-1.907191
51.50404045,-0.124844231
52.1385177,-0.4675102
53.3845436,-2.3449777
53.42919235,-2.534340847
51.1393682,-1.5811102
54.7023545,-3.2765753
51.5140994,-0.1096687
51.50404045,-0.124844231
55.9515812,-3.3469413
52.5031669,-2.01693
51.50404045,-0.124844231
52.4494382,-1.9471176
51.50404045,-0.124844231
52.2385239,-0.902493
55.9515812,-3.3469413
51.2407824,-0.6126231
55.9515812,-3.3469413
51.3121659,-0.510665
50.5947727,-1.9521987
51.4988068,-0.1248381
51.3459804,1.3696263
52.9761676,-1.3002109
52.9761676,-1.3002109
55.50230535,-4.577596603
51.3786581,1.431999464
51.6056711,-1.6368605
55.9515812,-3.3469413
54.9697639,-1.6120899
53.2782273,-4.331339293
52.7783903,-2.837182653
51.50404045,-0.124844231
55.9515812,-3.3469413
55.9515812,-3.3469413
55.9515812,-3.3469413
51.4834057,-3.1777848
52.5529813,0.6307769
55.9515812,-3.3469413
51.0607894,-1.8114959
49.9545977,-6.3522296
53.969669,-1.089902
51.5292636,-0.1299484
52.9761676,-1.3002109
55.9515812,-3.3469413
55.9515812,-3.3469413
51.5292636,-0.1299484
55.9515812,-3.3469413
55.9515812,-3.3469413
53.0168509,-2.207825954
55.9515812,-3.3469413
51.14804,-2.716577
53.3287084,-3.1001542
52.47558945,-1.882520264
53.3287084,-3.1001542
55.9515812,-3.3469413
55.9515812,-3.3469413
51.4816546,-3.1791934
55.9515812,-3.3469413
55.9515812,-3.3469413
55.0427556,-1.4385177
55.9515812,-3.3469413
52.1033578,-1.89376335
51.1788476,-3.2187327
51.4012061,0.825468264
53.2744269,-3.9024425
52.9761676,-1.3002109
52.9761676,-1.3002109
53.3287084,-3.1001542
51.3459804,1.3696263
52.3467085,-1.5572066
52.9761676,-1.3002109
53.322475,-3.8243251
55.0494243,-2.58344017
55.9515812,-3.3469413
51.4834057,-3.1777848
55.9515812,-3.3469413
55.8380039,-5.0573026
53.2744269,-3.9024425
51.2221238,-0.974021276
50.5947727,-1.9521987
51.5873671,-0.118896788
53.3287084,-3.1001542
55.9515812,-3.3469413
55.9515812,-3.3469413
55.9515812,-3.3469413
55.9515812,-3.3469413
51.86859365,-2.688868756
55.9515812,-3.3469413
53.38519425,-1.493832875
55.9515812,-3.3469413
51.3459804,1.3696263
52.4794493,-1.9069649
53.3287084,-3.1001542
55.9515812,-3.3469413
55.9515812,-3.3469413
53.2744269,-3.9024425
53.8770837,-1.983853
58.20633495,-6.369583767
55.9515812,-3.3469413
52.2385239,-0.902493
54.7023545,-3.2765753
51.0955754,0.5380324
55.9515812,-3.3469413
52.114323,0.0313526
50.72734445,-3.474513573
58.20633495,-6.369583767
55.9515812,-3.3469413
51.1961976,-0.691178
55.9515812,-3.3469413
55.9515812,-3.3469413
51.4677705,-0.459082142
53.5922362,-2.298758479
55.9515812,-3.3469413
55.9515812,-3.3469413
53.2744269,-3.9024425
52.9761676,-1.3002109
51.50404045,-0.124844231
51.6211442,-3.9467751
51.50404045,-0.124844231
55.9515812,-3.3469413
51.41949245,-0.202617712
55.9515812,-3.3469413
51.6970822,-3.0139254
55.9515812,-3.3469413
55.9515812,-3.3469413
51.5982316,-1.1252158
55.9515812,-3.3469413
51.1961976,-0.691178
53.3287084,-3.1001542
51.4548509,-0.1194191
51.1961976,-0.691178
52.9761676,-1.3002109
52.9761676,-1.3002109
51.503513,-0.4662704
51.4834057,-3.1777848
51.6666717,-3.000007
55.9515812,-3.3469413
55.9515812,-3.3469413
52.47558945,-1.882520264
53.969669,-1.089902
51.3766366,0.5836566
54.7023545,-3.2765753
51.38343985,-1.314385524
51.422149,-0.1065531
55.9515812,-3.3469413
55.28583445,-6.182911406
51.6174205,-0.3095111
52.7943989,-2.667925725
52.501506,-2.1171352
55.9515812,-3.3469413
51.5293748,-0.355361966
51.86859365,-2.688868756
55.4135412,-1.7072797
51.6666717,-3.000007
50.94468065,-0.061929353
57.1482281,-2.0926781
51.5212877,-3.1034839
52.4329239,-1.8931521
55.9515812,-3.3469413
55.9515812,-3.3469413
60.7475983,-0.8532495
51.4834057,-3.1777848
51.6174205,-0.3095111
51.5542865,-0.250602413
53.69247395,-0.283136542
51.7520131,-1.2578499
52.4468669,-1.4947943
51.89960485,-0.204953918
55.9515812,-3.3469413
51.6032304,-1.636121688
51.9053313,-0.2010146
58.20633495,-6.369583767
51.5917498,-3.183331829
51.262826,-1.0861976
51.4686132,-0.3613471
53.3287084,-3.1001542
55.9515812,-3.3469413
53.3287084,-3.1001542
52.9079621,-2.144647623
53.3287084,-3.1001542
50.8937517,0.5371971
51.6150008,-4.0026014
51.5381748,-2.582921
53.3287084,-3.1001542
55.9515812,-3.3469413
54.666667,-1.75
51.5485245,-0.092983391
53.7785231,-1.528629107
51.7026571,-3.0327511
53.3287084,-3.1001542
52.4160035,-1.9701231
51.4168851,-0.081186195
52.5135785,-3.314371
55.8697403,-3.9664208
55.9515812,-3.3469413
52.4968157,-1.9739174
51.5413271,0.1481142
55.9515812,-3.3469413
55.9515812,-3.3469413
53.4791301,-2.2441009
55.9515812,-3.3469413
53.3287084,-3.1001542
51.6666717,-3.000007
55.9515812,-3.3469413
53.3594839,-2.2671791
55.9515812,-3.3469413
52.2345714,-0.462650184
51.0456561,0.1835387
55.9515812,-3.3469413
56.109939,-3.1607884
53.3287084,-3.1001542
53.42007525,-1.3788579
51.6666717,-3.000007
54.6580139,-1.2005633
54.3747067,-2.3749448
55.9515812,-3.3469413
51.4834057,-3.1777848
51.4816546,-3.1791934
52.9761676,-1.3002109
53.3287084,-3.1001542
53.3287084,-3.1001542
53.3287084,-3.1001542
53.3287084,-3.1001542
55.9515812,-3.3469413
56.8553623,-5.1928904
55.9515812,-3.3469413
50.7935202,-0.6664568
52.2345714,-0.462650184
55.9515812,-3.3469413
53.37933435,-1.480072596
51.4548509,-0.1194191
51.4834057,-3.1777848
55.9515812,-3.3469413
51.4834057,-3.1777848
53.3287084,-3.1001542
55.9515812,-3.3469413
55.9515812,-3.3469413
55.9515812,-3.3469413
51.4538022,-2.5972985
51.2715316,-0.341452351
52.3974938,-1.9869737
53.3287084,-3.1001542
51.4834057,-3.1777848
52.4494382,-1.9471176
52.6361398,-1.1330789
53.3287084,-3.1001542
55.9515812,-3.3469413
55.9515812,-3.3469413
51.4089375,-3.453829565
51.5266694,-0.0798926
55.9515812,-3.3469413
52.4919452,-1.905515
53.7883813,-2.707285203
54.05061715,-1.253406368
53.3492577,-1.8096423
51.4510191,-0.99349144
53.3287084,-3.1001542
52.0579495,1.1526345
54.4769953,-0.6063787
54.9924571,-1.6055338
51.65384375,0.482887165
55.9515812,-3.3469413
55.9515812,-3.3469413
53.3287084,-3.1001542
51.37850395,-0.090179136
53.3287084,-3.1001542
51.4875417,-0.1682205
53.7766027,-2.6766042
51.4089375,-3.453829565
55.9515812,-3.3469413
56.4602663,-2.9695034
51.0456561,0.1835387
51.0456561,0.1835387
51.576407,-2.9675757
51.4548509,-0.1194191
53.2782273,-4.331339293
51.4834057,-3.1777848
51.876897,0.2144377
55.9515812,-3.3469413
53.3287084,-3.1001542
52.502971,-2.0170748
52.5030653,-2.0167195
55.9515812,-3.3469413
51.5882332,-2.9974967
55.9515812,-3.3469413
55.9515812,-3.3469413
55.9515812,-3.3469413
53.969669,-1.089902
51.1832484,0.9369225
55.9515812,-3.3469413
50.8985496,-1.389066329
51.3459804,1.3696263
55.9515812,-3.3469413
50.9025349,-1.404189
51.4570271,-0.1932607
55.9515812,-3.3469413
55.9515812,-3.3469413
53.969669,-1.089902
51.5031032,-0.0787927
52.114323,0.0313526
52.9630453,-1.1345657
55.9515812,-3.3469413
52.472314,-1.9168728
51.6966961,-2.211808
55.9515812,-3.3469413
55.9515812,-3.3469413
53.4751856,-2.2413862
56.8112456,-5.116351
53.3287084,-3.1001542
53.969669,-1.089902
55.8697403,-3.9664208
51.9463121,-0.4454221
55.9515812,-3.3469413
51.4834057,-3.1777848
51.856335,0.58905598
53.7923813,-2.6825658
55.9515812,-3.3469413
50.94468065,-0.061929353
52.4822354,-1.8977136
54.9044503,-1.383771
53.2744269,-3.9024425
53.3287084,-3.1001542
55.9515812,-3.3469413
52.2385239,-0.902493
57.1323697,-3.1891212
55.9515812,-3.3469413
51.4834057,-3.1777848
51.4834057,-3.1777848
55.9515812,-3.3469413
53.7785231,-1.528629107
55.9515812,-3.3469413
55.9515812,-3.3469413
55.5951129,-1.8971193
51.4834057,-3.1777848
51.7967047,0.579338882
53.3287084,-3.1001542
53.42007525,-1.3788579
51.4851381,-3.212584467
55.9515812,-3.3469413
52.4394203,-3.0482804
53.3287084,-3.1001542
55.9515812,-3.3469413
50.7583753,-1.5426885
55.9515812,-3.3469413
52.9074234,-2.8938664
52.9761676,-1.3002109
53.3287084,-3.1001542
50.94468065,-0.061929353
55.9515812,-3.3469413
52.9280123,-1.467389212
55.9515812,-3.3469413
55.9515812,-3.3469413
53.80861035,-2.228799098
55.9515812,-3.3469413
50.5302739,-3.5910723
55.9515812,-3.3469413
52.9761676,-1.3002109
55.9515812,-3.3469413
58.0256275,-4.3996381
52.0322303,0.7943311
51.4834057,-3.1777848
53.2213252,-4.208335
50.9025349,-1.404189
53.3287084,-3.1001542
53.3287084,-3.1001542
53.2744269,-3.9024425
53.327753,-1.6817831
53.969669,-1.089902
52.02682315,-0.703939411
53.3287084,-3.1001542
53.3287084,-3.1001542
55.9515812,-3.3469413
55.9515812,-3.3469413
52.9761676,-1.3002109
51.4834057,-3.1777848
55.9515812,-3.3469413
51.3459804,1.3696263
53.3287084,-3.1001542
52.0579495,1.1526345
51.50404045,-0.124844231
53.3287084,-3.1001542
53.5099051,-2.9847423
51.2761783,1.1701885
55.9515812,-3.3469413
55.9515812,-3.3469413
53.3287084,-3.1001542
53.8849051,-1.4453448
51.4677705,-0.459082142
55.9515812,-3.3469413
55.9515812,-3.3469413
51.4149818,-2.5006001
56.3333331,-3.0000001
53.3287084,-3.1001542
55.9515812,-3.3469413
57.2519329,-3.3793236
51.6174205,-0.3095111
51.0401089,-3.5501059
51.52745145,-0.128527692
53.2782273,-4.331339293
53.4000477,-2.2733402
55.9515812,-3.3469413
51.89107295,-0.423030408
51.3425414,-0.0162924
51.50404045,-0.124844231
51.3629022,-0.0933041
57.1323697,-3.1891212
55.9515812,-3.3469413
51.6666717,-3.000007
55.9515812,-3.3469413
52.0640034,-0.411113756
55.9515812,-3.3469413
53.3287084,-3.1001542
50.94468065,-0.061929353
55.9515812,-3.3469413
55.9515812,-3.3469413
55.9515812,-3.3469413
55.9515812,-3.3469413
53.5950534,-1.3831153
52.0640034,-0.411113756
53.3287084,-3.1001542
51.4834057,-3.1777848
55.9515812,-3.3469413
51.7492956,-0.3422526
51.47822765,-3.180666093
52.233254,-0.477781934
54.9770924,-1.6142059
53.3287084,-3.1001542
53.3287084,-3.1001542
51.3121659,-0.510665
51.50404045,-0.124844231
53.7020085,-0.3602136
57.6231608,-4.1133243
51.41961795,-0.079441744
51.8145016,-0.7848492
57.2053823,-2.1895292
52.04114145,-0.3647466
52.62884525,1.298411806
51.5023278,-0.1260826
51.25,-1.916667
53.3287084,-3.1001542
52.7719704,0.4168781
51.50404045,-0.124844231
54.7023545,-3.2765753
51.0543003,-1.3381861
54.9770924,-1.6142059
52.4160035,-1.9701231
52.6326755,-1.126564
51.3462973,-0.0438245
51.2552958,0.4847309
53.6213845,-0.970591909
54.7023545,-3.2765753
53.3287084,-3.1001542
55.9707191,-3.1695316
51.4834057,-3.1777848
52.3998376,0.2630951
51.1567237,-0.1610188
55.9515812,-3.3469413
51.4365842,-0.994136256
55.9515812,-3.3469413
55.9707191,-3.1695316
55.1672574,-1.7344669
54.7023545,-3.2765753
54.7023545,-3.2765753
52.7041728,-2.7317784
54.6580139,-1.2005633
51.4578328,-0.0360868
51.521181,0.140201961
51.568786,0.4536022
53.3287084,-3.1001542
50.82256275,-1.605142792
51.4578328,-0.0360868
55.9707191,-3.1695316
57.3099291,-2.4328544
55.4986921,-4.6108304
50.8208757,-0.9289268
53.3287084,-3.1001542
53.7020085,-0.3602136
51.5279475,-0.0778934
51.10146615,-0.905404598
51.1555203,-1.741962692
50.82256275,-1.605142792
52.1504005,-3.4566998
50.865128,-2.9622372
52.4329239,-1.8931521
51.50404045,-0.124844231
52.6326755,-1.126564
51.4204522,-2.220040087
54.1249303,-1.532299
52.2385239,-0.902493
56.5990184,-4.7955603
52.04114145,-0.3647466
51.50404045,-0.124844231
53.3287084,-3.1001542
52.5540238,-1.8852692
53.3287084,-3.1001542
54.7023545,-3.2765753
52.7041728,-2.7317784
52.62884525,1.298411806
51.106388,-0.567472337
53.3287084,-3.1001542
57.2053823,-2.1895292
52.4793909,-1.907191
51.6436161,-0.2994431
52.6217529,1.221521079
57.1482281,-2.0926781
57.1216081,-3.655435952
53.3287084,-3.1001542
51.1961976,-0.691178
53.24815035,-4.547993273
53.3287084,-3.1001542
52.9628127,-1.136236
53.0168509,-2.207825954
53.7785231,-1.528629107
51.60213625,-0.018272983
56.99764325,-6.341041172
51.6020246,-0.9153487
51.4483018,-0.3363767
53.4406096,-1.349092008
52.4600509,-1.94625485
50.94468065,-0.061929353
50.7369841,-1.887370064
51.5171149,-0.1200657
53.2744269,-3.9024425
53.1185033,-1.556617931
52.3959675,-1.990909728
55.9515812,-3.3469413
50.7324097,-2.8190687
55.5916844,-4.3661752
55.9515812,-3.3469413
51.5119043,-0.1309845
51.4050172,-0.1264223
53.9618497,-2.0160287
52.4160035,-1.9701231
50.3712659,-4.1425658
52.5657529,-2.0722908
53.72956625,-0.561722927
51.3744503,-0.1055195
51.0191208,-2.8484948
51.5176784,-0.1189389
51.0106016,0.4425845
51.8808022,-1.5965242
55.03847185,-1.696448528
57.1482281,-2.0926781
53.7785231,-1.528629107
53.3287084,-3.1001542
54.6580139,-1.2005633
51.3811665,0.4573966
53.3287084,-3.1001542
53.4791301,-2.2441009
55.9515812,-3.3469413
51.6710738,0.3793285
53.3287084,-3.1001542
52.114323,0.0313526
52.45502365,-1.836322979
54.7023545,-3.2765753
55.9515812,-3.3469413
55.03847185,-1.696448528
52.8980321,-1.8649214
55.9515812,-3.3469413
55.9515812,-3.3469413
53.94660805,-1.048003015
53.08977375,-1.251876746
55.9515812,-3.3469413
53.7414271,-1.720200377
53.86117155,-2.54711154
51.4168851,-0.081186195
53.2336301,-0.5392172
54.7023545,-3.2765753
53.3207425,-3.4907258
55.9515812,-3.3469413
56.4947757,-5.5832213
51.7777469,-0.8732015
54.1349419,-0.7965915
51.422149,-0.1065531
54.7023545,-3.2765753
55.9515812,-3.3469413
53.3287084,-3.1001542
52.2345714,-0.462650184
52.0180884,-1.375184
51.4510191,-0.99349144
51.3886577,-0.7622349
53.3513452,-2.2725651
39.69995636,-105.4161997
39.69995636,-105.4161997
39.69995636,-105.4161997
39.69995636,-105.4161997
45.31432244,-79.22272832
12.9736587,77.6020227
28.42695148,-97.70972531
28.42695148,-97.70972531
35.5212713,-86.5754773
46.0955265,-64.7734313
46.0955265,-64.7734313
46.0955265,-64.7734313
46.0955265,-64.7734313
46.0955265,-64.7734313
36.0492748,-94.2456015
36.0492748,-94.2456015
-34.51426746,-58.63267124
16.9753758,121.8107079
16.9753758,121.8107079
16.9753758,121.8107079
47.06281591,-122.1195986
47.06281591,-122.1195986
50.913966,-3.869415
50.913966,-3.869415
50.913966,-3.869415
50.913966,-3.869415
50.913966,-3.869415
28.4253427,-81.31211481
28.4253427,-81.31211481
39.81646757,-105.1076652
28.39264856,-81.43556472
28.39264856,-81.43556472
28.39264856,-81.43556472
28.39264856,-81.43556472
50.6001533,2.9602453
50.6001533,2.9602453
50.6001533,2.9602453
50.6001533,2.9602453
50.6001533,2.9602453
27.7458626,-81.5306313
32.23517621,-110.7908683
32.23517621,-110.7908683
32.23517621,-110.7908683
32.23517621,-110.7908683
32.23517621,-110.7908683
39.50957528,2.492581746
53.7296683,-127.6377305
31.9737688,-99.8973731
20.8857195,-156.4266215
34.1370859,-118.2198305
34.1370859,-118.2198305
37.9157368,-122.5354963
34.9035397,-77.5418342
39.58791504,-86.27681628
39.58791504,-86.27681628
39.58791504,-86.27681628
33.8419116,-111.9427542
33.8419116,-111.9427542
42.5558381,-114.4700518
42.5558381,-114.4700518
42.5558381,-114.4700518
42.5558381,-114.4700518
42.5558381,-114.4700518
42.5558381,-114.4700518
35.6937752,-105.933569
29.9597258,-90.0698523
29.9597258,-90.0698523
29.9597258,-90.0698523
29.9597258,-90.0698523
29.9597258,-90.0698523
29.9597258,-90.0698523
29.9597258,-90.0698523
29.9597258,-90.0698523
50.2751537,-119.2677807
35.87460857,-84.9260716
28.08103059,-81.56195596
28.08103059,-81.56195596
28.08103059,-81.56195596
12.1149926,-86.2361744
12.1149926,-86.2361744
12.1149926,-86.2361744
12.1149926,-86.2361744
47.7569441,-120.7390885
47.7569441,-120.7390885
47.7569441,-120.7390885
47.7569441,-120.7390885
36.787121,-119.4131324
34.8729695,-111.7581996
34.8729695,-111.7581996
41.94921613,-85.02459805
41.94921613,-85.02459805
41.93053976,-85.03209994
41.2073216,-77.1929547
41.2073216,-77.1929547
41.2073216,-77.1929547
41.2073216,-77.1929547
41.2073216,-77.1929547
41.2073216,-77.1929547
41.2073216,-77.1929547
41.2073216,-77.1929547
41.92820705,-85.00920499
32.91042841,-97.02916082
32.91042841,-97.02916082
32.91042841,-97.02916082
41.90693746,-84.99962995
41.90693746,-84.99962995
32.89638454,-97.02727757
32.89638454,-97.02727757
32.89638454,-97.02727757
32.89638454,-97.02727757
32.89638454,-97.02727757
36.0103561,-84.2696449
36.0103561,-84.2696449
36.0103561,-84.2696449
36.0103561,-84.2696449
40.31192427,-85.41606571
33.759347,-84.3720869
33.759347,-84.3720869
33.759347,-84.3720869
33.759347,-84.3720869
36.2166043,-115.9827647
36.2166043,-115.9827647
36.2166043,-115.9827647
32.29006956,-110.9569025
32.29006956,-110.9569025
32.29006956,-110.9569025
32.29006956,-110.9569025
32.29006956,-110.9569025
43.659356,-79.3735743
43.659356,-79.3735743
43.659356,-79.3735743
43.659356,-79.3735743
43.659356,-79.3735743
48.01636932,-122.1929515
48.01636932,-122.1929515
48.01636932,-122.1929515
48.01636932,-122.1929515
47.1766294,-67.2300086
47.1766294,-67.2300086
47.1766294,-67.2300086
47.1766294,-67.2300086
47.1766294,-67.2300086
21.1347621,-86.7461357
43.47407981,-85.66635261
43.47407981,-85.66635261
43.47407981,-85.66635261
43.47407981,-85.66635261
43.6775677,-72.7798247
43.6775677,-72.7798247
31.65866592,-99.09894507
34.5498242,-112.4587625
34.5498242,-112.4587625
34.40528385,-110.5166059
33.2014496,-117.3706934
33.2014496,-117.3706934
33.2014496,-117.3706934
33.2014496,-117.3706934
33.2014496,-117.3706934
47.901753,-73.7824614
47.901753,-73.7824614
47.901753,-73.7824614
47.901753,-73.7824614
47.901753,-73.7824614
47.3768866,8.541694
47.3768866,8.541694
47.3768866,8.541694
47.3768866,8.541694
47.3768866,8.541694
38.0418937,-84.4959664
47.01642223,-123.8210363
39.4110279,-123.3524456
39.4110279,-123.3524456
39.4110279,-123.3524456
48.7647473,-122.5184888
48.7647473,-122.5184888
23.58589,58.4059227
34.2075872,-117.1093281
34.2075872,-117.1093281
34.2075872,-117.1093281
34.2075872,-117.1093281
34.2075872,-117.1093281
37.7452513,-121.4232127
37.7452513,-121.4232127
37.7452513,-121.4232127
37.7452513,-121.4232127
37.7452513,-121.4232127
37.7452513,-121.4232127
37.7452513,-121.4232127
42.83736254,-108.7364782
42.83736254,-108.7364782
28.4497607,-82.56359071
28.4497607,-82.56359071
28.4497607,-82.56359071
48.8754244,2.7771179
48.8754244,2.7771179
48.8754244,2.7771179
48.8754244,2.7771179
48.8754244,2.7771179
41.650117,-85.4089767
41.650117,-85.4089767
41.650117,-85.4089767
41.650117,-85.4089767
36.1647038,-86.7776016
36.1647038,-86.7776016
36.1647038,-86.7776016
36.1647038,-86.7776016
36.1647038,-86.7776016
36.1647038,-86.7776016
36.1647038,-86.7776016
36.1645038,-86.7806016
36.1645038,-86.7806016
36.1645038,-86.7806016
36.1645038,-86.7806016
36.1645038,-86.7806016
36.1645038,-86.7806016
36.1713238,-86.7780816
36.1713238,-86.7780816
36.1713238,-86.7780816
36.1713238,-86.7780816
36.1713238,-86.7780816
36.1713238,-86.7780816
36.1713238,-86.7780816
48.09185044,-122.1341599
48.09185044,-122.1341599
26.22487529,-81.81660172
26.22487529,-81.81660172
53.7656108,-98.8097862
53.7656108,-98.8097862
53.7656108,-98.8097862
49.76367815,-97.16938987
0,0
0,0
27.953145,-82.4529876
27.953145,-82.4529876
27.953145,-82.4529876
27.953145,-82.4529876
40.07073476,-80.65478166
40.07073476,-80.65478166
28.57957767,-81.3501627
37.780411,-25.4970466
37.780411,-25.4970466
37.780411,-25.4970466
48.77958382,9.212673866
0,0
0,0
0,0
56.2502641,-5.5391282
56.2502641,-5.5391282
56.2502641,-5.5391282
56.2502641,-5.5391282
54.474279,-2.348925
54.474279,-2.348925
19.076371,-155.7617299
0,0
0,0
-34.0362119,151.0995468
-34.0362119,151.0995468
18.5859601,-68.4041529
18.5859601,-68.4041529
18.5859601,-68.4041529
53.39691973,-0.737307479
21.169708,-86.8467579
51.210515,-3.8483571
51.210515,-3.8483571
51.210515,-3.8483571
51.210515,-3.8483571
51.210515,-3.8483571
51.210515,-3.8483571
51.210515,-3.8483571
40.71714552,-73.72938028
40.71714552,-73.72938028
40.71714552,-73.72938028
0,0
0,0
0,0
0,0
0,0
0,0
0,0
33.6079379,-111.7210936
32.74445956,-97.81018132
32.74445956,-97.81018132
43.77946898,5.183199196
46.8894222,-110.3608358
54.94686739,-7.704739643
54.94686739,-7.704739643
54.94686739,-7.704739643
54.94686739,-7.704739643
54.94686739,-7.704739643
52.603674,0.414548
52.603674,0.414548
0,0
0,0
0,0
53.2645648,-2.1139125
53.2645648,-2.1139125
27.9048138,-81.9676072
27.9048138,-81.9676072
51.258905,-85.320164
51.258905,-85.320164
51.258905,-85.320164
51.258905,-85.320164
40.01411927,-74.24250754
40.01411927,-74.24250754
40.01411927,-74.24250754
40.01411927,-74.24250754
40.01411927,-74.24250754
36.214741,-106.3105197
36.214741,-106.3105197
53.4374775,-2.2698465
53.4374775,-2.2698465
53.4374775,-2.2698465
39.75343367,-86.18295587
39.75343367,-86.18295587
36.07957155,-115.1665553
36.07957155,-115.1665553
-33.8934664,151.1835342
36.0036229,-78.894689
36.0036229,-78.894689
37.9350467,-121.7459224
37.9350467,-121.7459224
37.9350467,-121.7459224
37.9350467,-121.7459224
29.5504871,-98.2815335
41.3237325,-81.01792878
41.3237325,-81.01792878
41.3237325,-81.01792878
41.3237325,-81.01792878
38.63199615,-90.16904537
38.63199615,-90.16904537
50.9112704,-1.3972609
35.723027,-114.4862276
32.88303216,-97.20489039
32.88303216,-97.20489039
32.88303216,-97.20489039
32.88303216,-97.20489039
32.88303216,-97.20489039
32.88303216,-97.20489039
32.88303216,-97.20489039
32.88303216,-97.20489039
32.87719715,-97.19910174
32.87719715,-97.19910174
32.87719715,-97.19910174
32.87719715,-97.19910174
32.87719715,-97.19910174
32.87719715,-97.19910174
32.87719715,-97.19910174
32.87719715,-97.19910174
33.6661437,-114.2271986
35.14674056,-106.6635516
49.20878474,-123.0805184
38.96879122,-83.41968899
9.9703379,76.3096096
36.10183173,-94.21116172
42.93043279,-82.57900144
42.93043279,-82.57900144
42.93043279,-82.57900144
0,0
47.39431837,-122.242339
47.39431837,-122.242339
47.39431837,-122.242339
47.39431837,-122.242339
37.9676929,-91.8305134
37.9676929,-91.8305134
37.9676929,-91.8305134
-27.4632907,153.0304435
-27.4632907,153.0304435
-27.4632907,153.0304435
57.1255765,-2.1271863
33.60057587,-79.01521522
33.60057587,-79.01521522
39.06858764,-84.35315598
40.6366249,-89.3916083
40.6366249,-89.3916083
42.4087107,-71.3802174
42.4087107,-71.3802174
37.06506496,-88.61323723
37.06506496,-88.61323723
37.06506496,-88.61323723
37.06506496,-88.61323723
37.06506496,-88.61323723
37.06506496,-88.61323723
37.06506496,-88.61323723
-17.922533,146.0138663
41.6842552,-74.992666
36.57016207,-86.93161881
36.57016207,-86.93161881
36.57016207,-86.93161881
36.57016207,-86.93161881
36.57016207,-86.93161881
36.57016207,-86.93161881
36.57016207,-86.93161881
54.35969701,-6.41401397
54.35969701,-6.41401397
47.2568668,-122.4376906
47.2568668,-122.4376906
40.330382,-75.3207648
40.330382,-75.3207648
40.330382,-75.3207648
40.330382,-75.3207648
40.330382,-75.3207648
40.330382,-75.3207648
40.330382,-75.3207648
40.329912,-75.3189748
38.8156551,-80.461754
39.69347225,-105.04434
39.69347225,-105.04434
39.69347225,-105.04434
39.69347225,-105.04434
39.69347225,-105.04434
32.6218107,-83.619391
32.6218107,-83.619391
39.93856425,-87.0230834
52.53964483,-0.252228627
52.53964483,-0.252228627
43.0795278,-107.2837839
43.0795278,-107.2837839
19.36502561,-99.29307738
19.36502561,-99.29307738
19.36502561,-99.29307738
48.85974464,2.283798606
48.85974464,2.283798606
48.85974464,2.283798606
48.85974464,2.283798606
48.85974464,2.283798606
48.85974464,2.283798606
27.9715233,-82.7950026
27.9715233,-82.7950026
27.9715233,-82.7950026
27.9715233,-82.7950026
51.2464536,22.5684463
36.08408007,-115.1658953
36.08408007,-115.1658953
36.08408007,-115.1658953
36.08408007,-115.1658953
36.08408007,-115.1658953
36.08408007,-115.1658953
43.486223,5.237423
42.733685,-84.5478647
42.733685,-84.5478647
42.733685,-84.5478647
-28.8805465,-63.9786583
-28.8805465,-63.9786583
0,0
0,0
0,0
39.0955761,-94.4136168
39.0955761,-94.4136168
39.0955761,-94.4136168
36.71818492,-76.23008403
36.71818492,-76.23008403
38.47337741,-82.63998178
38.47337741,-82.63998178
38.47337741,-82.63998178
28.1538643,-82.4564131
28.1538643,-82.4564131
28.1538643,-82.4564131
28.1538643,-82.4564131
28.1538643,-82.4564131
28.1538643,-82.4564131
28.1538643,-82.4564131
39.52721217,-104.7859893
39.52721217,-104.7859893
39.019772,-98.4746465
35.1594243,-90.0419601
21.0403409,-86.873564
33.66705805,-117.9901302
33.66705805,-117.9901302
37.6840522,-122.1221388
37.6840522,-122.1221388
3.7610183,103.315136
3.7610183,103.315136
3.7610183,103.315136
3.7610183,103.315136
19.9011962,-155.5769218
19.9011962,-155.5769218
19.9011962,-155.5769218
19.9011962,-155.5769218
19.9011962,-155.5769218
36.1238465,-115.1638084
36.1238465,-115.1638084
36.1238465,-115.1638084
0,0
0,0
0,0
0,0
0,0
0,0
0,0
41.6008681,-87.6069894
41.6008681,-87.6069894
41.6008681,-87.6069894
41.6008681,-87.6069894
40.0372517,-75.6252583
40.0372517,-75.6252583
40.0372517,-75.6252583
43.10071032,-70.72741784
43.10071032,-70.72741784
50.0359321,-110.6638332
37.7805495,-122.4176355
28.5472655,-81.3699565
28.5472655,-81.3699565
49.894635,-97.170255
18.2151347,-65.7329841
34.6846863,-118.1679358
34.6846863,-118.1679358
34.6846863,-118.1679358
34.6846863,-118.1679358
33.2878088,-111.9485863
33.31885637,-111.9204615
41.7663841,-88.1769279
-37.8086776,144.9675576
-37.8086776,144.9675576
-37.8086776,144.9675576
38.89092995,-93.3681544
33.73670554,-78.90411472
33.73670554,-78.90411472
33.73670554,-78.90411472
28.03717998,-82.41106116
28.03717998,-82.41106116
28.03717998,-82.41106116
28.03717998,-82.41106116
28.03717998,-82.41106116
34.2055722,-118.6353909
34.2055722,-118.6353909
0,0
0,0
35.6044781,-82.5435969
35.6044781,-82.5435969
53.4890999,-10.0205448
53.4890999,-10.0205448
0,0
38.3586773,-121.9798444
38.3586773,-121.9798444
57.71065,11.97669
57.71065,11.97669
34.61008452,-112.4952711
0,0
36.782671,-119.4106724
36.782671,-119.4106724
36.782671,-119.4106724
54.985642,-1.61615
36.25718425,-115.235728
36.25718425,-115.235728
36.25718425,-115.235728
36.25718425,-115.235728
36.25718425,-115.235728
37.8401995,-121.2431552
37.8401995,-121.2431552
37.8401995,-121.2431552
37.8401995,-121.2431552
37.8401995,-121.2431552
33.68781792,-112.1134264
33.68781792,-112.1134264
33.68781792,-112.1134264
26.16857469,-81.70805059
26.16857469,-81.70805059
33.37232232,-111.6319686
33.37232232,-111.6319686
38.74527115,-88.90723905
27.9605849,-82.7461271
27.9605849,-82.7461271
27.9605849,-82.7461271
27.9605849,-82.7461271
51.7920562,11.141448
51.7920562,11.141448
51.7920562,11.141448
36.0004672,-79.0942025
38.2904055,-111.239066
38.2904055,-111.239066
31.99110793,-97.35296257
31.99110793,-97.35296257
31.99110793,-97.35296257
30.62986224,-87.31358256
37.08446747,-94.56589682
37.08446747,-94.56589682
43.2177791,-79.9872835
-47.0789352,-66.696965
-47.0789352,-66.696965
-47.0789352,-66.696965
-47.0789352,-66.696965
46.0289213,-112.5383839
46.0289213,-112.5383839
46.0289213,-112.5383839
46.1312132,-122.9283068
46.1312132,-122.9283068
46.1312132,-122.9283068
29.65392141,-95.21207066
29.65392141,-95.21207066
29.65392141,-95.21207066
46.15571521,-98.08761896
46.15571521,-98.08761896
39.5203202,-104.7566233
39.26297031,-94.57141876
39.26297031,-94.57141876
39.26297031,-94.57141876
37.6762305,-122.0789964
37.6762305,-122.0789964
37.6762305,-122.0789964
42.3919476,-83.9547631
42.3919476,-83.9547631
42.3919476,-83.9547631
42.3919476,-83.9547631
42.3919476,-83.9547631
35.98239452,-80.06378072
35.98239452,-80.06378072
35.98239452,-80.06378072
35.98239452,-80.06378072
35.98239452,-80.06378072
53.3776215,-6.289457395
53.3776215,-6.289457395
53.3776215,-6.289457395
53.3776215,-6.289457395
53.3776215,-6.289457395
8.4848428,124.6628107
8.4848428,124.6628107
8.4848428,124.6628107
8.4848428,124.6628107
0,0
0,0
35.0103019,-97.090597
35.0103019,-97.090597
29.0963729,-80.9369983
29.0963729,-80.9369983
29.0963729,-80.9369983
29.0963729,-80.9369983
30.5570944,-97.75440264
30.5570944,-97.75440264
13.3670968,103.8448134
13.3670968,103.8448134
13.3670968,103.8448134
13.3670968,103.8448134
42.26857439,-83.23677715
41.59929722,-87.52400054
41.59929722,-87.52400054
41.59929722,-87.52400054
41.59929722,-87.52400054
40.4167754,-3.7037902
40.4167754,-3.7037902
40.4167754,-3.7037902
-23.7139629,133.8606771
-23.7139629,133.8606771
-23.7139629,133.8606771
45.2340587,-74.8090237
45.2340587,-74.8090237
45.2340587,-74.8090237
45.2340587,-74.8090237
41.8897519,-87.9889543
33.50750813,-117.7164252
33.50750813,-117.7164252
33.50750813,-117.7164252
33.50750813,-117.7164252
33.50452806,-117.7263031
33.50452806,-117.7263031
33.50452806,-117.7263031
33.50452806,-117.7263031
40.75011296,-73.93453277
40.75011296,-73.93453277
40.75011296,-73.93453277
40.75011296,-73.93453277
34.38057578,-103.1271595
34.23918432,-83.83038009
30.20972251,-87.99650288
30.20972251,-87.99650288
43.189659,-70.8907829
43.189659,-70.8907829
40.77271941,-73.92875365
40.77271941,-73.92875365
0,0
0,0
0,0
51.261365,-85.314114
51.261365,-85.314114
51.261365,-85.314114
40.73739802,-100.7137182
40.73739802,-100.7137182
40.73739802,-100.7137182
29.63505151,-82.44802204
53.3375129,-2.8544274
53.3375129,-2.8544274
53.3375129,-2.8544274
53.3375129,-2.8544274
53.3375129,-2.8544274
-16.84754455,145.7343863
40.198525,-82.9708136
40.198525,-82.9708136
40.198525,-82.9708136
40.198525,-82.9708136
40.198525,-82.9708136
40.197735,-82.9634936
40.197735,-82.9634936
40.197735,-82.9634936
40.197735,-82.9634936
40.197735,-82.9634936
29.72459198,-95.73529586
29.72459198,-95.73529586
29.72459198,-95.73529586
29.72459198,-95.73529586
39.0512049,-76.6372312
39.0512049,-76.6372312
35.4025851,-111.699357
35.95054233,-82.4844502
-33.8676397,151.2182255
40.2195714,-8.4004118
40.2195714,-8.4004118
40.76365802,-73.92772859
40.76365802,-73.92772859
40.76365802,-73.92772859
40.76365802,-73.92772859
46.99427863,-123.8046693
46.99427863,-123.8046693
18.1649137,-65.8141443
18.1649137,-65.8141443
18.1649137,-65.8141443
18.1649137,-65.8141443
10.4805937,-66.9036063
10.4805937,-66.9036063
39.65331692,27.88990575
39.65331692,27.88990575
42.11378301,-71.40013981
42.11378301,-71.40013981
51.47482775,-3.208469312
40.76557363,-73.9236967
40.76557363,-73.9236967
40.76557363,-73.9236967
40.76557363,-73.9236967
40.76557363,-73.9236967
18.1619237,-65.8167843
18.1619237,-65.8167843
18.1619237,-65.8167843
18.1619237,-65.8167843
18.1619237,-65.8167843
35.0133119,-97.086907
35.2921207,-93.7299151
10.3191392,123.8902666
10.3191392,123.8902666
10.3191392,123.8902666
10.3219092,123.8864566
10.3219092,123.8864566
10.3219092,123.8864566
30.20106663,-85.8712973
30.20106663,-85.8712973
30.20106663,-85.8712973
30.20106663,-85.8712973
30.20106663,-85.8712973
30.20106663,-85.8712973
30.20106663,-85.8712973
30.20106663,-85.8712973
5.5325935,-73.3615435
43.5058586,-85.1249362
43.5058586,-85.1249362
43.5058586,-85.1249362
48.20462934,-122.7624106
48.20462934,-122.7624106
48.20462934,-122.7624106
35.963774,-86.5249379
35.963774,-86.5249379
35.963774,-86.5249379
37.57808186,-106.1993911
37.57808186,-106.1993911
37.57808186,-106.1993911
37.57808186,-106.1993911
37.57808186,-106.1993911
35.0942636,-106.5995834
35.0942636,-106.5995834
35.0942636,-106.5995834
25.8635967,-80.1261071
25.8635967,-80.1261071
25.8635967,-80.1261071
0,0
0,0
0,0
0,0
0,0
51.5337115,-3.2207246
51.5337115,-3.2207246
51.5337115,-3.2207246
44.8426239,-87.3708319
44.8426239,-87.3708319
39.5696005,2.6501603
39.5696005,2.6501603
29.50948667,-98.55049915
29.50948667,-98.55049915
29.50948667,-98.55049915
29.50948667,-98.55049915
39.9868904,-75.4007058
39.9868904,-75.4007058
47.1226693,-122.1239455
47.1226693,-122.1239455
47.1226693,-122.1239455
47.1226693,-122.1239455
47.1226693,-122.1239455
51.769787,0.093926
51.769787,0.093926
51.769787,0.093926
51.769787,0.093926
33.68355834,-117.998692
33.68355834,-117.998692
33.68355834,-117.998692
33.68355834,-117.998692
28.1555748,-82.7545279
38.7262524,-9.1319366
42.0938577,-86.4895463
42.0938577,-86.4895463
39.41419355,-75.86273632
0,0
0,0
0,0
0,0
0,0
0,0
0,0
35.4766741,-82.3240559
35.4766741,-82.3240559
35.4766741,-82.3240559
35.4766741,-82.3240559
0,0
0,0
0,0
0,0
32.80943527,-117.0628513
32.80943527,-117.0628513
47.83357651,11.34657974
47.83357651,11.34657974
37.2653004,-97.3717118
37.2653004,-97.3717118
37.2653004,-97.3717118
30.22450793,-85.91145469
39.3250801,-111.0904711
39.3250801,-111.0904711
39.3250801,-111.0904711
39.3250801,-111.0904711
39.3250801,-111.0904711
0,0
0,0
0,0
0,0
0,0
47.0085533,-122.4543478
47.0085533,-122.4543478
47.0085533,-122.4543478
47.0085533,-122.4543478
47.0085533,-122.4543478
47.9331457,-123.4096268
0,0
0,0
0,0
0,0
-32.09198439,115.7910316
-32.09198439,115.7910316
34.5863443,-118.1073713
34.5863443,-118.1073713
42.9322277,-83.6228818
42.9322277,-83.6228818
42.9322277,-83.6228818
42.9322277,-83.6228818
33.7764892,-117.9355952
33.7764892,-117.9355952
33.7764892,-117.9355952
56.7622341,-121.1261601
38.87836795,-76.99979642
-19.962975,-44.201024
-19.962975,-44.201024
-19.962975,-44.201024
51.255275,-85.317764
51.255275,-85.317764
29.5850813,-97.9794973
47.9081335,-124.6352256
47.9081335,-124.6352256
47.9081335,-124.6352256
36.0030358,-114.9411623
36.0030358,-114.9411623
36.0030358,-114.9411623
36.0030358,-114.9411623
34.05331127,-118.2451345
34.05331127,-118.2451345
34.05331127,-118.2451345
40.79172409,-75.27059195
40.79172409,-75.27059195
40.79172409,-75.27059195
40.79172409,-75.27059195
40.79172409,-75.27059195
40.79172409,-75.27059195
40.79172409,-75.27059195
41.4289437,-73.948953
41.4289437,-73.948953
50.36576652,-4.145949318
50.36576652,-4.145949318
50.36576652,-4.145949318
50.36576652,-4.145949318
52.731973,-4.0543919
52.731973,-4.0543919
52.731973,-4.0543919
52.731973,-4.0543919
27.959735,-82.4504176
33.35328915,-96.57028727
33.35328915,-96.57028727
33.35328915,-96.57028727
33.35328915,-96.57028727
45.7052439,-87.4381839
45.7052439,-87.4381839
36.25968808,-86.59736217
36.25968808,-86.59736217
36.25968808,-86.59736217
36.06843036,-96.00590147
36.06843036,-96.00590147
36.06843036,-96.00590147
36.06843036,-96.00590147
36.10393138,-96.01993872
36.10393138,-96.01993872
36.10393138,-96.01993872
36.10393138,-96.01993872
45.1751205,-121.0814491
45.1751205,-121.0814491
45.1751205,-121.0814491
45.1751205,-121.0814491
26.4880853,-80.1863081
34.11422043,-83.20090662
34.11422043,-83.20090662
34.11422043,-83.20090662
42.11353435,-78.50733537
42.11353435,-78.50733537
42.11353435,-78.50733537
42.11353435,-78.50733537
44.0619428,-121.3091096
44.0619428,-121.3091096
44.0619428,-121.3091096
33.61132628,-117.6683146
38.693163,-9.213269
38.693163,-9.213269
38.693163,-9.213269
34.2106053,-118.5710379
40.37211052,-74.92310795
18.1615637,-65.8133743
18.1615637,-65.8133743
36.787021,-119.4144324
40.7675488,-73.9532541
40.7675488,-73.9532541
40.7675488,-73.9532541
40.7675488,-73.9532541
40.7675488,-73.9532541
35.7836363,-80.8777859
35.5219213,-86.5714773
35.5219213,-86.5714773
35.5219213,-86.5714773
35.5219213,-86.5714773
35.5219213,-86.5714773
39.8649624,-84.1976896
39.8649624,-84.1976896
41.76020148,-81.31382505
41.76020148,-81.31382505
41.76020148,-81.31382505
41.76020148,-81.31382505
41.76020148,-81.31382505
42.0111412,-87.8406192
41.65439555,-81.26875988
41.65439555,-81.26875988
41.65439555,-81.26875988
41.65439555,-81.26875988
41.65439555,-81.26875988
33.61474535,-117.277925
33.61474535,-117.277925
33.61474535,-117.277925
33.61474535,-117.277925
44.18265539,-122.8832583
44.18265539,-122.8832583
44.18265539,-122.8832583
44.18265539,-122.8832583
44.18265539,-122.8832583
44.18265539,-122.8832583
44.18265539,-122.8832583
44.18265539,-122.8832583
44.18265539,-122.8832583
47.4424059,-70.504084
43.3717076,-112.1718833
43.3717076,-112.1718833
43.3717076,-112.1718833
43.3717076,-112.1718833
43.3717076,-112.1718833
33.9186085,-98.4921873
33.9186085,-98.4921873
33.9186085,-98.4921873
33.9186085,-98.4921873
33.9186085,-98.4921873
39.68619584,-105.1604641
35.4167241,-82.73656635
26.3733264,-80.1237921
26.3733264,-80.1237921
26.3733264,-80.1237921
26.3733264,-80.1237921
26.3733264,-80.1237921
26.3733264,-80.1237921
26.3733264,-80.1237921
44.91374502,-122.9788709
45.5317322,-122.6728515
45.5317322,-122.6728515
33.9148785,-98.4888473
33.9148785,-98.4888473
33.9148785,-98.4888473
33.9148785,-98.4888473
33.9148785,-98.4888473
33.9181685,-98.4870373
33.7879139,-117.8531007
33.7879139,-117.8531007
-34.8494615,-56.1397526
-34.8494615,-56.1397526
53.5216252,87.2691571
53.5216252,87.2691571
35.5233213,-86.5759473
35.5233213,-86.5759473
35.5233213,-86.5759473
35.5233213,-86.5759473
35.5233213,-86.5759473
35.5233213,-86.5759473
35.5233213,-86.5759473
35.5233213,-86.5759473
33.8441863,-98.5072226
33.8441863,-98.5072226
44.816667,-77.616667
41.4510796,-82.7018105
38.98649914,-76.34913501
38.98649914,-76.34913501
38.98649914,-76.34913501
38.98649914,-76.34913501
45.6468284,-100.5126006
45.6468284,-100.5126006
45.6468284,-100.5126006
45.6468284,-100.5126006
33.8442379,-117.8288275
33.8442379,-117.8288275
33.8442379,-117.8288275
-30.749,121.466
-30.749,121.466
-30.749,121.466
39.7559393,-105.2177099
37.94225142,-121.2949243
37.94225142,-121.2949243
37.94225142,-121.2949243
36.20343276,-86.70555235
34.027828,-118.5017886
42.87656766,-71.06459754
61.4101178,-149.1506637
61.4101178,-149.1506637
40.62689914,-74.45613284
38.58436693,-77.32209694
38.9829872,-94.33262528
40.7169237,-74.0045213
0,0
0,0
0,0
0,0
0,0
-32.1773412,-64.1184586
-32.1773412,-64.1184586
48.3904951,-89.2420223
48.3904951,-89.2420223
-34.92415462,138.5824717
-34.92415462,138.5824717
-34.92415462,138.5824717
-34.92415462,138.5824717
-34.92415462,138.5824717
36.47409215,-86.80836517
36.47409215,-86.80836517
29.9603258,-90.0683923
29.9603258,-90.0683923
50.66301,-4.75066
50.66301,-4.75066
50.66301,-4.75066
50.66301,-4.75066
50.66301,-4.75066
-33.9718445,150.9808379
-33.9718445,150.9808379
-33.9718445,150.9808379
18.1570337,-65.8146543
45.5585489,-73.8960752
45.5585489,-73.8960752
45.5585489,-73.8960752
45.5585489,-73.8960752
45.5585489,-73.8960752
34.8742295,-111.7595996
51.24359,-2.824586
49.2730993,-123.1147126
-25.2881539,152.7676633
-7.157597,-78.5090623
-7.157597,-78.5090623
-7.157597,-78.5090623
-7.157597,-78.5090623
-7.157597,-78.5090623
-7.157597,-78.5090623
-7.157597,-78.5090623
44.44732005,-71.49245975
40.4059012,-105.0664501
40.4059012,-105.0664501
40.4059012,-105.0664501
40.4059012,-105.0664501
37.8504981,27.8321904
37.8504981,27.8321904
37.8504981,27.8321904
43.23550733,-79.80970964
43.23550733,-79.80970964
43.23550733,-79.80970964
43.23550733,-79.80970964
43.23550733,-79.80970964
38.5502822,-75.0820809
38.5502822,-75.0820809
38.5502822,-75.0820809
38.5502822,-75.0820809
41.6616409,-85.8628638
41.6616409,-85.8628638
41.6616409,-85.8628638
42.43693443,-71.15552247
42.43693443,-71.15552247
42.43693443,-71.15552247
42.43693443,-71.15552247
42.43693443,-71.15552247
42.43693443,-71.15552247
42.43693443,-71.15552247
41.76421182,-87.68932737
18.1640037,-65.8173043
18.1640037,-65.8173043
18.1640037,-65.8173043
18.1640037,-65.8173043
18.1640037,-65.8173043
18.1640037,-65.8173043
40.2786911,-76.8776208
40.2786911,-76.8776208
29.69855483,-99.00109546
29.69855483,-99.00109546
29.69855483,-99.00109546
29.69855483,-99.00109546
29.69855483,-99.00109546
41.77430112,-87.81073805
10.0889333,77.0595248
30.5080565,-92.0779005
40.7364854,-86.2794248
40.7364854,-86.2794248
49.2940938,-122.7499187
34.1519878,-118.245765
54.982632,-1.6101
54.982632,-1.6101
32.1712221,-82.8924051
32.1712221,-82.8924051
18.1621837,-65.8191843
42.54554789,-114.461698
42.54554789,-114.461698
42.54554789,-114.461698
18.1637137,-65.8172643
30.89045088,-88.60604483
30.89045088,-88.60604483
30.89045088,-88.60604483
30.89045088,-88.60604483
49.08543614,-121.9528698
49.08543614,-121.9528698
49.08543614,-121.9528698
49.08543614,-121.9528698
49.08543614,-121.9528698
41.379016,-73.724675
42.0546415,-91.5562025
42.0472015,-91.5629725
52.5524613,-1.2014047
52.5524613,-1.2014047
39.0200099,1.4821482
39.1013665,-94.5751967
39.1013665,-94.5751967
32.5873259,-96.3209991
32.5873259,-96.3209991
40.65303548,-79.7127375
40.65303548,-79.7127375
56.86495372,53.21574455
39.71017056,-104.7361741
26.01225272,-80.29472142
40.5081723,-74.2557634
40.5081723,-74.2557634
40.5081723,-74.2557634
40.5081723,-74.2557634
18.1602837,-65.8162743
18.1602837,-65.8162743
42.9862833,-81.2380868
42.9862833,-81.2380868
40.38366161,-90.14814245
40.38366161,-90.14814245
40.38366161,-90.14814245
40.36650274,-90.17236514
40.36650274,-90.17236514
40.36650274,-90.17236514
40.36650274,-90.17236514
40.36650274,-90.17236514
40.36650274,-90.17236514
40.36650274,-90.17236514
40.36650274,-90.17236514
40.36650274,-90.17236514
38.31411314,-121.9631299
0,0
0,0
44.0073128,-77.1423692
31.9742688,-99.8996131
31.9742688,-99.8996131
31.9742688,-99.8996131
31.9742688,-99.8996131
32.736847,-97.0989956
32.736847,-97.0989956
32.736847,-97.0989956
32.738347,-97.1023056
32.738347,-97.1023056
32.738347,-97.1023056
40.7160937,-74.0032913
-45.0311622,168.6626435
42.243516,-87.97001
42.243516,-87.97001
42.87416727,-71.47685447
42.87416727,-71.47685447
42.87416727,-71.47685447
42.87416727,-71.47685447
38.44859699,-75.078137
35.6984447,-82.5587651
35.6984447,-82.5587651
35.6984447,-82.5587651
-34.7097719,138.6954965
-34.7097719,138.6954965
-34.7097719,138.6954965
18.1586037,-65.8185943
18.1586037,-65.8185943
18.1586037,-65.8185943
18.1586037,-65.8185943
42.32740695,-73.78169309
42.32740695,-73.78169309
32.2736981,-107.7564904
32.2736981,-107.7564904
32.2736981,-107.7564904
32.2736981,-107.7564904
32.2736981,-107.7564904
32.2736981,-107.7564904
32.2736981,-107.7564904
32.2736981,-107.7564904
51.5134509,-0.1255483
51.5134509,-0.1255483
51.5134509,-0.1255483
38.48811913,-107.9121306
57.151417,-2.087578
57.151417,-2.087578
57.151417,-2.087578
47.30163556,-122.2029951
28.761671,-81.641896
40.193262,-76.018145
40.193262,-76.018145
40.193262,-76.018145
40.193262,-76.018145
40.193262,-76.018145
40.193262,-76.018145
40.193262,-76.018145
40.193262,-76.018145
40.187382,-76.027805
40.187382,-76.027805
40.187382,-76.027805
40.187382,-76.027805
39.89790703,-86.11118078
39.89790703,-86.11118078
50.3125085,-5.2036202
50.3125085,-5.2036202
50.3125085,-5.2036202
41.06664899,-111.9436479
41.06664899,-111.9436479
41.06664899,-111.9436479
41.06664899,-111.9436479
41.06664899,-111.9436479
41.06664899,-111.9436479
41.06664899,-111.9436479
18.1623337,-65.8168743
18.1623337,-65.8168743
18.1623337,-65.8168743
45.4514357,-73.4619103
45.4514357,-73.4619103
45.4514357,-73.4619103
45.4514357,-73.4619103
45.4514357,-73.4619103
53.9426906,-116.5749735
34.07164555,-83.22152515
34.07164555,-83.22152515
18.1615337,-65.8157543
18.1551337,-65.8203943
18.1551337,-65.8203943
34.8027965,-111.7545986
34.8027965,-111.7545986
42.324692,-71.81634913
42.324692,-71.81634913
42.324692,-71.81634913
42.324692,-71.81634913
42.324692,-71.81634913
42.324692,-71.81634913
42.324692,-71.81634913
42.324692,-71.81634913
42.324692,-71.81634913
18.92963176,-99.26228696
18.92963176,-99.26228696
18.92963176,-99.26228696
18.92963176,-99.26228696
18.92963176,-99.26228696
18.92963176,-99.26228696
33.37829315,-116.8516262
33.37829315,-116.8516262
53.9425706,-116.5753035
53.9425706,-116.5753035
53.9425706,-116.5753035
39.5592607,-105.7724074
39.5592607,-105.7724074
40.37096076,-74.57078384
41.8819136,-87.6226982
41.8819136,-87.6226982
36.783931,-119.4147624
36.783931,-119.4147624
36.783931,-119.4147624
36.783931,-119.4147624
41.4355728,-75.4398404
41.4355728,-75.4398404
41.4355728,-75.4398404
41.4355728,-75.4398404
41.4355728,-75.4398404
41.4355728,-75.4398404
41.4355728,-75.4398404
38.92780782,-104.852582
47.5239174,-121.9274489
41.250929,-87.836203
33.94756367,-81.22075047
33.94756367,-81.22075047
33.94756367,-81.22075047
34.5121304,-93.0539795
34.5121304,-93.0539795
34.5121304,-93.0539795
34.5121304,-93.0539795
34.5121304,-93.0539795
30.5124851,-97.674946
46.0340459,-116.4415348
31.9771788,-99.9001431
31.9771788,-99.9001431
0,0
34.41623188,-119.7322402
35.8893269,-80.0800479
35.8893269,-80.0800479
-32.0970233,115.9411853
-32.0970233,115.9411853
-32.0970233,115.9411853
36.786311,-119.4129224
36.786311,-119.4129224
36.786311,-119.4129224
36.786311,-119.4129224
36.786311,-119.4129224
32.333277,-95.334677
40.49766,-121.4206552
40.49766,-121.4206552
41.29700162,-110.9623947
41.29700162,-110.9623947
41.29700162,-110.9623947
41.29700162,-110.9623947
41.29700162,-110.9623947
41.26628003,-110.9452948
41.26628003,-110.9452948
41.26628003,-110.9452948
41.26628003,-110.9452948
41.26628003,-110.9452948
41.30060595,-110.9508321
41.30060595,-110.9508321
41.30060595,-110.9508321
41.30060595,-110.9508321
41.30060595,-110.9508321
41.2737321,-110.9414172
41.2737321,-110.9414172
41.2737321,-110.9414172
41.2737321,-110.9414172
41.2737321,-110.9414172
49.04600047,3.400548509
49.04600047,3.400548509
49.04600047,3.400548509
49.04600047,3.400548509
49.04600047,3.400548509
33.4582671,-112.0671573
33.4582671,-112.0671573
34.1221643,-116.422425
41.3431376,-8.4738078
41.3431376,-8.4738078
30.2522861,-87.6944893
44.8532094,20.3555646
36.779941,-119.4123324
36.779941,-119.4123324
36.779941,-119.4123324
36.779941,-119.4123324
36.779941,-119.4123324
36.779941,-119.4123324
36.779941,-119.4123324
50.532915,-3.60645
50.532915,-3.60645
50.532915,-3.60645
50.533365,-3.59914
50.533365,-3.59914
50.533365,-3.59914
50.533365,-3.59914
50.533365,-3.59914
50.533365,-3.59914
50.533365,-3.59914
50.533365,-3.59914
50.532155,-3.60328
50.532155,-3.60328
50.532155,-3.60328
50.532155,-3.60328
50.532155,-3.60328
50.532155,-3.60328
50.532155,-3.60328
50.532155,-3.60328
0,0
0,0
0,0
0,0
0,0
10.1951767,-85.8296853
35.1877859,-106.6876683
35.1877859,-106.6876683
35.1877859,-106.6876683
35.1877859,-106.6876683
35.1877859,-106.6876683
35.1877859,-106.6876683
35.1877859,-106.6876683
41.93183854,-71.28389546
41.93183854,-71.28389546
39.01072621,-94.35452606
39.01072621,-94.35452606
39.01072621,-94.35452606
39.01072621,-94.35452606
39.01072621,-94.35452606
13.78843466,100.5445094
13.78843466,100.5445094
30.08700991,-94.77676246
30.08700991,-94.77676246
30.08700991,-94.77676246
30.08700991,-94.77676246
30.08700991,-94.77676246
30.08700991,-94.77676246
30.08700991,-94.77676246
41.089153,-85.1347913
40.7204837,-73.9990013
40.7204837,-73.9990013
40.7204837,-73.9990013
40.7204837,-73.9990013
40.7204837,-73.9990013
-35.5452907,138.187376
-35.5452907,138.187376
25.9650612,-80.1345321
25.9650612,-80.1345321
25.9650612,-80.1345321
25.9650612,-80.1345321
25.9650612,-80.1345321
54.204836,37.6184915
28.95981844,-82.19041592
28.95981844,-82.19041592
39.2985648,-76.6100093
34.0550942,-118.2405249
34.0550942,-118.2405249
34.0550942,-118.2405249
-34.907315,-56.195709
27.0037769,33.9141934
27.0037769,33.9141934
27.0037769,33.9141934
43.1003743,-79.0310788
41.8782559,-87.78815549
31.9726388,-99.8964331
31.9726388,-99.8964331
31.9726388,-99.8964331
31.9726388,-99.8964331
31.9726388,-99.8964331
27.0062569,33.9168534
27.0062569,33.9168534
27.0062569,33.9168534
27.0062569,33.9168534
27.0021669,33.9105034
27.0021669,33.9105034
27.0021669,33.9105034
27.0021669,33.9105034
52.848519,-0.3114751
52.848519,-0.3114751
36.79284825,-119.7487312
36.79284825,-119.7487312
36.79284825,-119.7487312
36.79284825,-119.7487312
36.79284825,-119.7487312
35.2176258,-114.0247608
35.2176258,-114.0247608
35.2176258,-114.0247608
35.2176258,-114.0247608
35.2176258,-114.0247608
0,0
34.24468212,-84.48214955
34.24468212,-84.48214955
34.24468212,-84.48214955
34.24468212,-84.48214955
34.24468212,-84.48214955
48.8556475,2.2986304
35.74282649,-82.57416499
35.74282649,-82.57416499
0,0
0,0
29.80478273,-95.55300028
35.14642741,-106.6786804
35.14642741,-106.6786804
35.14642741,-106.6786804
35.14642741,-106.6786804
35.14642741,-106.6786804
35.14642741,-106.6786804
28.21083508,-82.6959691
28.21083508,-82.6959691
39.5523307,-105.7731174
39.5523307,-105.7731174
42.94492021,-114.696896
42.94492021,-114.696896
42.94492021,-114.696896
42.94492021,-114.696896
42.94492021,-114.696896
50.535065,-3.60436
53.479394,-2.0773162
53.479394,-2.0773162
53.479394,-2.0773162
53.479394,-2.0773162
53.470554,-2.0869062
53.470554,-2.0869062
53.470554,-2.0869062
53.470554,-2.0869062
53.470554,-2.0869062
53.470554,-2.0869062
53.470554,-2.0869062
53.470554,-2.0869062
50.535735,-3.60136
50.535735,-3.60136
50.535735,-3.60136
50.535735,-3.60136
50.535735,-3.60136
50.535735,-3.60136
50.535735,-3.60136
50.535735,-3.60136
40.81020052,-74.44542276
50.533985,-3.59843
50.533985,-3.59843
50.533985,-3.59843
50.533985,-3.59843
50.533985,-3.59843
50.533985,-3.59843
0,0
0,0
0,0
20.8253781,73.7007088
50.657837,-3.527595
51.137279,-2.995082
51.137279,-2.995082
51.137279,-2.995082
51.137279,-2.995082
51.137279,-2.995082
51.137279,-2.995082
51.137279,-2.995082
51.137279,-2.995082
30.40672381,-97.86353393
30.40672381,-97.86353393